appid,name,o_name,header_image
251570,7 days to die,7 Days to Die,https://steamcdn-a.akamaihd.net/steam/apps/251570/header.jpg?t=1502044027
346900,adventure capitalist,AdVenture Capitalist,https://steamcdn-a.akamaihd.net/steam/apps/346900/header.jpg?t=1523923835
221380,age of empires ii hd edition,Age of Empires II HD,https://steamcdn-a.akamaihd.net/steam/apps/221380/header.jpg?t=1548823294
105450,age of empires iii complete collection,Age of Empires III: Complete Collection,https://steamcdn-a.akamaihd.net/steam/apps/105450/header.jpg?t=1547569230
266840,age of mythology extended edition,Age of Mythology: Extended Edition,https://steamcdn-a.akamaihd.net/steam/apps/266840/header.jpg?t=1447359611
226840,age of wonders iii,Age of Wonders III,https://steamcdn-a.akamaihd.net/steam/apps/226840/header.jpg?t=1541059262
108710,alan wake,Alan Wake,https://steamcdn-a.akamaihd.net/steam/apps/108710/header.jpg?t=1540487129
214490,alien isolation,Alien: Isolation,https://steamcdn-a.akamaihd.net/steam/apps/214490/header.jpg?t=1521734254
630,alien swarm,Alien Swarm,https://steamcdn-a.akamaihd.net/steam/apps/630/header.jpg?t=1447353182
10680,aliens vs predator,Aliens vs. Predator,https://steamcdn-a.akamaihd.net/steam/apps/10680/header.jpg?t=1532338834
203290,americas army proving grounds,America's Army: Proving Grounds,https://steamcdn-a.akamaihd.net/steam/apps/203290/header.jpg?t=1490199189
57300,amnesia the dark descent,Amnesia: The Dark Descent,https://steamcdn-a.akamaihd.net/steam/apps/57300/header.jpg?t=1551864813
48240,anno 2070,Anno 2070,https://steamcdn-a.akamaihd.net/steam/apps/48240/header.jpg?t=1454694781
219890,antichamber,Antichamber,https://steamcdn-a.akamaihd.net/steam/apps/219890/header.jpg?t=1525832559
113400,apb reloaded,APB Reloaded,https://steamcdn-a.akamaihd.net/steam/apps/113400/header.jpg?t=1544328716
207230,archeblade,ArcheBlade,https://steamcdn-a.akamaihd.net/steam/apps/207230/header.jpg?t=1447355405
346110,ark survival evolved,ARK: Survival Evolved,https://steamcdn-a.akamaihd.net/steam/apps/346110/header_alt_assets_1.jpg?t=1555430604
33900,arma 2,Arma 2,https://steamcdn-a.akamaihd.net/steam/apps/33900/header.jpg?t=1521639563
33930,arma 2 operation arrowhead,Arma 2: Operation Arrowhead,https://steamcdn-a.akamaihd.net/steam/apps/33930/header.jpg?t=1478602186
107410,arma 3,Arma 3,https://steamcdn-a.akamaihd.net/steam/apps/107410/header.jpg?t=1555523617
15100,assassins creed,Assassin's Creed: Director's Cut Edition,https://steamcdn-a.akamaihd.net/steam/apps/15100/header.jpg?t=1532007211
48190,assassins creed brotherhood,Assassin's Creed Brotherhood,https://steamcdn-a.akamaihd.net/steam/apps/48190/header.jpg?t=1534374545
33230,assassins creed ii,Assassin's Creed 2 Deluxe Edition,https://steamcdn-a.akamaihd.net/steam/apps/33230/header.jpg?t=1542638260
911400,assassins creed iii,Assassin's Creed III Remastered,https://steamcdn-a.akamaihd.net/steam/apps/911400/header.jpg?t=1553879054
242050,assassins creed iv black flag,Assassin's Creed IV Black Flag,https://steamcdn-a.akamaihd.net/steam/apps/242050/header.jpg?t=1530034922
201870,assassins creed revelations,Assassin's Creed Revelations,https://steamcdn-a.akamaihd.net/steam/apps/201870/header.jpg?t=1532007165
228280,baldurs gate enhanced edition,Baldur's Gate: Enhanced Edition,https://steamcdn-a.akamaihd.net/steam/apps/228280/header.jpg?t=1547670081
242920,banished,Banished,https://steamcdn-a.akamaihd.net/steam/apps/242920/header.jpg?t=1447358097
107100,bastion,Bastion,https://steamcdn-a.akamaihd.net/steam/apps/107100/header.jpg?t=1553807612
35140,batman arkham asylum goty edition,Batman: Arkham Asylum Game of the Year Edition,https://steamcdn-a.akamaihd.net/steam/apps/35140/header.jpg?t=1525990900
200260,batman arkham city,Batman: Arkham City - Game of the Year Edition,https://steamcdn-a.akamaihd.net/steam/apps/200260/header.jpg?t=1550751026
209000,batman arkham origins,Batman: Arkham Origins,https://steamcdn-a.akamaihd.net/steam/apps/209000/header.jpg?t=1504119909
238460,battleblock theater,BattleBlock Theater,https://steamcdn-a.akamaihd.net/steam/apps/238460/header.jpg?t=1530126126
24960,battlefield bad company 2,Battlefield: Bad Company 2,https://steamcdn-a.akamaihd.net/steam/apps/24960/header.jpg?t=1447352806
346010,besiege,Besiege,https://steamcdn-a.akamaihd.net/steam/apps/346010/header.jpg?t=1536940181
409710,bioshock,BioShock Remastered,https://steamcdn-a.akamaihd.net/steam/apps/409710/header.jpg?t=1531779427
409720,bioshock 2,BioShock 2 Remastered,https://steamcdn-a.akamaihd.net/steam/apps/409720/header.jpg?t=1534538139
8870,bioshock infinite,BioShock Infinite,https://steamcdn-a.akamaihd.net/steam/apps/8870/header.jpg?t=1545232935
302830,blockade 3d,BLOCKADE 3D,https://steamcdn-a.akamaihd.net/steam/apps/302830/header.jpg?t=1552365820
729040,borderlands,Borderlands Game of the Year Enhanced,https://steamcdn-a.akamaihd.net/steam/apps/729040/header.jpg?t=1554313984
49520,borderlands 2,Borderlands 2,https://steamcdn-a.akamaihd.net/steam/apps/49520/header.jpg?t=1554327871
261640,borderlands the presequel,Borderlands: The Pre-Sequel,https://steamcdn-a.akamaihd.net/steam/apps/261640/header.jpg?t=1554513967
26800,braid,Braid,https://steamcdn-a.akamaihd.net/steam/apps/26800/header.jpg?t=1515716884
291550,brawlhalla,Brawlhalla,https://steamcdn-a.akamaihd.net/steam/apps/291550/header.jpg?t=1554907013
22350,brink,BRINK,https://steamcdn-a.akamaihd.net/steam/apps/22350/header.jpg?t=1503422313
274190,broforce,Broforce,https://steamcdn-a.akamaihd.net/steam/apps/274190/header.jpg?t=1511400974
225080,brothers  a tale of two sons,Brothers - A Tale of Two Sons,https://steamcdn-a.akamaihd.net/steam/apps/225080/header.jpg?t=1461248665
24740,burnout paradise the ultimate box,Burnout Paradise: The Ultimate Box,https://steamcdn-a.akamaihd.net/steam/apps/24740/header.jpg?t=1450909984
7940,call of duty 4 modern warfare,Call of Duty 4: Modern Warfare,https://steamcdn-a.akamaihd.net/steam/apps/7940/header.jpg?t=1545234949
209650,call of duty advanced warfare,Call of Duty: Advanced Warfare - Gold Edition,https://steamcdn-a.akamaihd.net/steam/apps/209650/header.jpg?t=1492633739
42700,call of duty black ops,Call of Duty: Black Ops,https://steamcdn-a.akamaihd.net/steam/apps/42700/header.jpg?t=1492633736
202970,call of duty black ops ii,Call of Duty: Black Ops II,https://steamcdn-a.akamaihd.net/steam/apps/202970/header.jpg?t=1492633735
311210,call of duty black ops iii,Call of Duty: Black Ops III,https://steamcdn-a.akamaihd.net/steam/apps/311210/header.jpg?t=1555695256
209160,call of duty ghosts,Call of Duty: Ghosts,https://steamcdn-a.akamaihd.net/steam/apps/209160/header.jpg?t=1447355542
10180,call of duty modern warfare 2,Call of Duty: Modern Warfare 2,https://steamcdn-a.akamaihd.net/steam/apps/10180/header.jpg?t=1545235540
10090,call of duty world at war,Call of Duty: World at War,https://steamcdn-a.akamaihd.net/steam/apps/10090/header.jpg?t=1507299109
204360,castle crashers,Castle Crashers,https://steamcdn-a.akamaihd.net/steam/apps/204360/header.jpg?t=1530126130
219640,chivalry medieval warfare,Chivalry: Medieval Warfare,https://steamcdn-a.akamaihd.net/steam/apps/219640/header.jpg?t=1527266022
255710,cities skylines,Cities: Skylines,https://steamcdn-a.akamaihd.net/steam/apps/255710/header.jpg?t=1553171816
363970,clicker heroes,Clicker Heroes,https://steamcdn-a.akamaihd.net/steam/apps/363970/header.jpg?t=1512177483
17480,command and conquer red alert 3,Command & Conquer: Red Alert 3,https://steamcdn-a.akamaihd.net/steam/apps/17480/header.jpg?t=1447351589
231430,company of heroes 2,Company of Heroes 2,https://steamcdn-a.akamaihd.net/steam/apps/231430/header.jpg?t=1544254259
228200,company of heroes new steam version,Company of Heroes,https://steamcdn-a.akamaihd.net/steam/apps/228200/header.jpg?t=1521736892
238430,contagion,Contagion,https://steamcdn-a.akamaihd.net/steam/apps/238430/header.jpg?t=1451945863
10,counterstrike,Counter-Strike,https://steamcdn-a.akamaihd.net/steam/apps/10/header.jpg?t=1528733245
80,counterstrike condition zero,Counter-Strike: Condition Zero,https://steamcdn-a.akamaihd.net/steam/apps/80/header.jpg?t=1512411962
730,counterstrike global offensive,Counter-Strike: Global Offensive,https://steamcdn-a.akamaihd.net/steam/apps/730/header.jpg?t=1554409309
273110,counterstrike nexon zombies,Counter-Strike Nexon: Zombies,https://steamcdn-a.akamaihd.net/steam/apps/273110/header.jpg?t=1551937566
240,counterstrike source,Counter-Strike: Source,https://steamcdn-a.akamaihd.net/steam/apps/240/header.jpg?t=1515613564
203770,crusader kings ii,Crusader Kings II,https://steamcdn-a.akamaihd.net/steam/apps/203770/header.jpg?t=1554225154
223710,cry of fear,Cry of Fear,https://steamcdn-a.akamaihd.net/steam/apps/223710/header.jpg?t=1447356887
17300,crysis,Crysis,https://steamcdn-a.akamaihd.net/steam/apps/17300/header.jpg?t=1447351450
108800,crysis 2 maximum edition,Crysis 2 - Maximum Edition,https://steamcdn-a.akamaihd.net/steam/apps/108800/header.jpg?t=1447355745
236430,dark souls ii,DARK SOULS II,https://steamcdn-a.akamaihd.net/steam/apps/236430/header.jpg?t=1553251192
335300,dark souls ii scholar of the first sin,DARK SOULS II: Scholar of the First Sin,https://steamcdn-a.akamaihd.net/steam/apps/335300/header.jpg?t=1540207948
262060,darkest dungeon,Darkest Dungeon,https://steamcdn-a.akamaihd.net/steam/apps/262060/header.jpg?t=1534369132
30,day of defeat,Day of Defeat,https://steamcdn-a.akamaihd.net/steam/apps/30/header.jpg?t=1512413490
300,day of defeat source,Day of Defeat: Source,https://steamcdn-a.akamaihd.net/steam/apps/300/header.jpg?t=1512413758
221100,dayz,DayZ,https://steamcdn-a.akamaihd.net/steam/apps/221100/header.jpg?t=1547207880
24200,dc universe online,DC Universe Online,https://steamcdn-a.akamaihd.net/steam/apps/24200/header.jpg?t=1553872683
383180,dead island riptide,Dead Island: Riptide Definitive Edition,https://steamcdn-a.akamaihd.net/steam/apps/383180/header.jpg?t=1554421567
17470,dead space,Dead Space,https://steamcdn-a.akamaihd.net/steam/apps/17470/header.jpg?t=1511287106
18500,defense grid the awakening,Defense Grid: The Awakening,https://steamcdn-a.akamaihd.net/steam/apps/18500/header.jpg?t=1447351522
224600,defiance,Defiance,https://steamcdn-a.akamaihd.net/steam/apps/224600/header.jpg?t=1532708944
245470,democracy 3,Democracy 3,https://steamcdn-a.akamaihd.net/steam/apps/245470/header.jpg?t=1510588185
274940,depth,Depth,https://steamcdn-a.akamaihd.net/steam/apps/274940/header.jpg?t=1551126973
238010,deus ex human revolution,Deus Ex: Human Revolution - Director's Cut,https://steamcdn-a.akamaihd.net/steam/apps/238010/header.jpg?t=1478806360
70000,dino dday,Dino D-Day,https://steamcdn-a.akamaihd.net/steam/apps/70000/header.jpg?t=1478380788
333930,dirty bomb,Dirty Bomb,https://steamcdn-a.akamaihd.net/steam/apps/333930/header.jpg?t=1551717452
205100,dishonored,Dishonored,https://steamcdn-a.akamaihd.net/steam/apps/205100/header.jpg?t=1541465639
373420,divinity original sin,Divinity: Original Sin - Enhanced Edition,https://steamcdn-a.akamaihd.net/steam/apps/373420/header.jpg?t=1512992769
220440,dmc devil may cry,DmC: Devil May Cry,https://steamcdn-a.akamaihd.net/steam/apps/220440/header.jpg?t=1554414265
570,dota 2,Dota 2,https://steamcdn-a.akamaihd.net/steam/apps/570/header.jpg?t=1554408611
17450,dragon age origins,Dragon Age: Origins,https://steamcdn-a.akamaihd.net/steam/apps/17450/header.jpg?t=1447351620
47810,dragon age origins  ultimate edition,Dragon Age: Origins - Ultimate Edition,https://steamcdn-a.akamaihd.net/steam/apps/47810/header.jpg?t=1447353666
323470,dragon ball xenoverse,DRAGON BALL XENOVERSE,https://steamcdn-a.akamaihd.net/steam/apps/323470/header.jpg?t=1448899168
57900,duke nukem forever,Duke Nukem Forever,https://steamcdn-a.akamaihd.net/steam/apps/57900/header.jpg?t=1545237932
65800,dungeon defenders,Dungeon Defenders,https://steamcdn-a.akamaihd.net/steam/apps/65800/header.jpg?t=1553796536
236110,dungeon defenders ii,Dungeon Defenders II,https://steamcdn-a.akamaihd.net/steam/apps/236110/header.jpg?t=1553790214
98800,dungeons of dredmor,Dungeons of Dredmor,https://steamcdn-a.akamaihd.net/steam/apps/98800/header.jpg?t=1478022612
236090,dust an elysian tail,Dust: An Elysian Tail,https://steamcdn-a.akamaihd.net/steam/apps/236090/header.jpg?t=1553628353
239140,dying light,Dying Light,https://steamcdn-a.akamaihd.net/steam/apps/239140/header.jpg?t=1556201496
359320,elite dangerous,Elite Dangerous,https://steamcdn-a.akamaihd.net/steam/apps/359320/header.jpg?t=1544547021
10500,empire total war,Total War: EMPIRE  Definitive Edition,https://steamcdn-a.akamaihd.net/steam/apps/10500/header.jpg?t=1545151872
289130,endless legend,Endless Legend,https://steamcdn-a.akamaihd.net/steam/apps/289130/header.jpg?t=1555075265
227300,euro truck simulator 2,Euro Truck Simulator 2,https://steamcdn-a.akamaihd.net/steam/apps/227300/header.jpg?t=1554074776
236850,europa universalis iv,Europa Universalis IV,https://steamcdn-a.akamaihd.net/steam/apps/236850/header.jpg?t=1552039271
8500,eve online,EVE Online,https://steamcdn-a.akamaihd.net/steam/apps/8500/header.jpg?t=1554916517
765570,evolve,Orcz Evolve VR,https://steamcdn-a.akamaihd.net/steam/apps/765570/header.jpg?t=1526158019
204030,fable  the lost chapters,Fable - The Lost Chapters,https://steamcdn-a.akamaihd.net/steam/apps/204030/header.jpg?t=1447355087
22300,fallout 3,Fallout 3,https://steamcdn-a.akamaihd.net/steam/apps/22300/header.jpg?t=1506541249
22370,fallout 3  game of the year edition,Fallout 3: Game of the Year Edition,https://steamcdn-a.akamaihd.net/steam/apps/22370/header.jpg?t=1449019604
377160,fallout 4,Fallout 4,https://steamcdn-a.akamaihd.net/steam/apps/377160/header.jpg?t=1533676954
22380,fallout new vegas,Fallout: New Vegas,https://steamcdn-a.akamaihd.net/steam/apps/22380/header.jpg?t=1533678449
19900,far cry 2,Far Cry 2: Fortune's Edition,https://steamcdn-a.akamaihd.net/steam/apps/19900/header.jpg?t=1543258048
220240,far cry 3,Far Cry 3,https://steamcdn-a.akamaihd.net/steam/apps/220240/header.jpg?t=1550250603
233270,far cry 3 blood dragon,Far Cry 3 - Blood Dragon,https://steamcdn-a.akamaihd.net/steam/apps/233270/header.jpg?t=1551434115
298110,far cry 4,Far Cry 4,https://steamcdn-a.akamaihd.net/steam/apps/298110/header.jpg?t=1543258037
313160,farming simulator 15,Farming Simulator 15,https://steamcdn-a.akamaihd.net/steam/apps/313160/header.jpg?t=1545297873
16450,fear 2 project origin,F.E.A.R. 2: Project Origin,https://steamcdn-a.akamaihd.net/steam/apps/16450/header.jpg?t=1461103307
21100,fear 3,F.E.A.R. 3,https://steamcdn-a.akamaihd.net/steam/apps/21100/header.jpg?t=1461103386
224760,fez,FEZ,https://steamcdn-a.akamaihd.net/steam/apps/224760/header.jpg?t=1472521163
39140,final fantasy vii,FINAL FANTASY VII,https://steamcdn-a.akamaihd.net/steam/apps/39140/header.jpg?t=1549381969
39150,final fantasy viii,FINAL FANTASY VIII,https://steamcdn-a.akamaihd.net/steam/apps/39150/header.jpg?t=1547740469
265630,fistful of frags,Fistful of Frags,https://steamcdn-a.akamaihd.net/steam/apps/265630/header.jpg?t=1544696537
212680,ftl faster than light,FTL: Faster Than Light,https://steamcdn-a.akamaihd.net/steam/apps/212680/header.jpg?t=1538154560
239820,game dev tycoon,Game Dev Tycoon,https://steamcdn-a.akamaihd.net/steam/apps/239820/header.jpg?t=1541492715
4000,garrys mod,Garry's Mod,https://steamcdn-a.akamaihd.net/steam/apps/4000/header.jpg?t=1535986052
265930,goat simulator,Goat Simulator,https://steamcdn-a.akamaihd.net/steam/apps/265930/header.jpg?t=1515575054
206210,gotham city impostors free to play,Gotham City Impostors Free to Play,https://steamcdn-a.akamaihd.net/steam/apps/206210/header.jpg?t=1461103628
12220,grand theft auto episodes from liberty city,Grand Theft Auto: Episodes from Liberty City,https://steamcdn-a.akamaihd.net/steam/apps/12220/header.jpg?t=1505339165
12210,grand theft auto iv,Grand Theft Auto IV,https://steamcdn-a.akamaihd.net/steam/apps/12210/header.jpg?t=1505332041
12120,grand theft auto san andreas,Grand Theft Auto: San Andreas,https://steamcdn-a.akamaihd.net/steam/apps/12120/header.jpg?t=1543431179
271590,grand theft auto v,Grand Theft Auto V,https://steamcdn-a.akamaihd.net/steam/apps/271590/header.jpg?t=1544815097
12110,grand theft auto vice city,Grand Theft Auto: Vice City,https://steamcdn-a.akamaihd.net/steam/apps/12110/header.jpg?t=1543431247
44350,grid 2,GRID 2,https://steamcdn-a.akamaihd.net/steam/apps/44350/header.jpg?t=1546282708
255220,grid autosport,GRID Autosport,https://steamcdn-a.akamaihd.net/steam/apps/255220/header.jpg?t=1449770426
206190,gunpoint,Gunpoint,https://steamcdn-a.akamaihd.net/steam/apps/206190/header.jpg?t=1552391336
209080,guns of icarus online,Guns of Icarus Online,https://steamcdn-a.akamaihd.net/steam/apps/209080/header.jpg?t=1536787177
242720,gunz 2 the second duel,GunZ 2: The Second Duel,https://steamcdn-a.akamaihd.net/steam/apps/242720/header.jpg?t=1522312521
70,halflife,Half-Life,https://steamcdn-a.akamaihd.net/steam/apps/70/header.jpg?t=1530045175
220,halflife 2,Half-Life 2,https://steamcdn-a.akamaihd.net/steam/apps/220/header.jpg?t=1541802014
320,halflife 2 deathmatch,Half-Life 2: Deathmatch,https://steamcdn-a.akamaihd.net/steam/apps/320/header.jpg?t=1512752170
380,halflife 2 episode one,Half-Life 2: Episode One,https://steamcdn-a.akamaihd.net/steam/apps/380/header.jpg?t=1530046506
420,halflife 2 episode two,Half-Life 2: Episode Two,https://steamcdn-a.akamaihd.net/steam/apps/420/header.jpg?t=1530046627
130,halflife blue shift,Half-Life: Blue Shift,https://steamcdn-a.akamaihd.net/steam/apps/130/header.jpg?t=1542159361
50,halflife opposing force,Half-Life: Opposing Force,https://steamcdn-a.akamaihd.net/steam/apps/50/header.jpg?t=1542245736
280,halflife source,Half-Life: Source,https://steamcdn-a.akamaihd.net/steam/apps/280/header.jpg?t=1530046549
239070,hammerwatch,Hammerwatch,https://steamcdn-a.akamaihd.net/steam/apps/239070/header.jpg?t=1550590061
269210,hero siege,Hero Siege,https://steamcdn-a.akamaihd.net/steam/apps/269210/header.jpg?t=1548468766
227940,heroes  generals,Heroes & Generals,https://steamcdn-a.akamaihd.net/steam/apps/227940/header.jpg?t=1553867096
203140,hitman absolution,Hitman: Absolution,https://steamcdn-a.akamaihd.net/steam/apps/203140/header.jpg?t=1548767889
55100,homefront,Homefront,https://steamcdn-a.akamaihd.net/steam/apps/55100/header.jpg?t=1534942539
244160,homeworld remastered collection,Homeworld Remastered Collection,https://steamcdn-a.akamaihd.net/steam/apps/244160/header.jpg?t=1545238223
219150,hotline miami,Hotline Miami,https://steamcdn-a.akamaihd.net/steam/apps/219150/header.jpg?t=1498680087
250400,how to survive,How to Survive,https://steamcdn-a.akamaihd.net/steam/apps/250400/header.jpg?t=1476195342
242700,injustice gods among us ultimate edition,Injustice: Gods Among Us Ultimate Edition,https://steamcdn-a.akamaihd.net/steam/apps/242700/header.jpg?t=1545176902
222880,insurgency,Insurgency,https://steamcdn-a.akamaihd.net/steam/apps/222880/header.jpg?t=1545400388
8190,just cause 2,Just Cause 2,https://steamcdn-a.akamaihd.net/steam/apps/8190/header.jpg?t=1555609982
259080,just cause 2 multiplayer mod,Just Cause 2: Multiplayer Mod,https://steamcdn-a.akamaihd.net/steam/apps/259080/header.jpg?t=1478821646
220200,kerbal space program,Kerbal Space Program,https://steamcdn-a.akamaihd.net/steam/apps/220200/header.jpg?t=1548442822
1250,killing floor,Killing Floor,https://steamcdn-a.akamaihd.net/steam/apps/1250/header.jpg?t=1551468074
232090,killing floor 2,Killing Floor 2,https://steamcdn-a.akamaihd.net/steam/apps/232090/header.jpg?t=1553570050
102500,kingdoms of amalur reckoning,Kingdoms of Amalur: Reckoning,https://steamcdn-a.akamaihd.net/steam/apps/102500/header.jpg?t=1447355189
110800,la noire,L.A. Noire,https://steamcdn-a.akamaihd.net/steam/apps/110800/header.jpg?t=1533107668
500,left 4 dead,Left 4 Dead,https://steamcdn-a.akamaihd.net/steam/apps/500/header.jpg?t=1517005754
550,left 4 dead 2,Left 4 Dead 2,https://steamcdn-a.akamaihd.net/steam/apps/550/header.jpg?t=1540300687
207170,legend of grimrock,Legend of Grimrock,https://steamcdn-a.akamaihd.net/steam/apps/207170/header.jpg?t=1447355394
249130,lego marvel super heroes,LEGO Marvel Super Heroes,https://steamcdn-a.akamaihd.net/steam/apps/249130/header.jpg?t=1462222851
319630,life is strange,Life is Strange - Episode 1,https://steamcdn-a.akamaihd.net/steam/apps/319630/header.jpg?t=1549968253
48000,limbo,LIMBO,https://steamcdn-a.akamaihd.net/steam/apps/48000/header.jpg?t=1478090357
234140,mad max,Mad Max,https://steamcdn-a.akamaihd.net/steam/apps/234140/header.jpg?t=1552496093
50130,mafia ii,Mafia II,https://steamcdn-a.akamaihd.net/steam/apps/50130/header.jpg?t=1555622690
316010,magic duels,Magic Duels,https://steamcdn-a.akamaihd.net/steam/apps/316010/header.jpg?t=1495215976
42910,magicka,Magicka,https://steamcdn-a.akamaihd.net/steam/apps/42910/header.jpg?t=1552039624
17460,mass effect,Mass Effect,https://steamcdn-a.akamaihd.net/steam/apps/17460/header.jpg?t=1447351599
24980,mass effect 2,Mass Effect 2,https://steamcdn-a.akamaihd.net/steam/apps/24980/header.jpg?t=1447352739
204100,max payne 3,Max Payne 3,https://steamcdn-a.akamaihd.net/steam/apps/204100/header.jpg?t=1543431341
4700,medieval ii total war,Total War: MEDIEVAL II  Definitive Edition,https://steamcdn-a.akamaihd.net/steam/apps/4700/header.jpg?t=1548693689
4780,medieval ii total war kingdoms,Medieval II: Total War Kingdoms,https://steamcdn-a.akamaihd.net/steam/apps/4780/header.jpg?t=1542726404
235460,metal gear rising revengeance,METAL GEAR RISING: REVENGEANCE,https://steamcdn-a.akamaihd.net/steam/apps/235460/header.jpg?t=1520390707
311340,metal gear solid v ground zeroes,METAL GEAR SOLID V: GROUND ZEROES,https://steamcdn-a.akamaihd.net/steam/apps/311340/header.jpg?t=1468531761
287700,metal gear solid v the phantom pain,METAL GEAR SOLID V: THE PHANTOM PAIN,https://steamcdn-a.akamaihd.net/steam/apps/287700/header.jpg?t=1535525516
286690,metro 2033,Metro 2033 Redux,https://steamcdn-a.akamaihd.net/steam/apps/286690/header.jpg?t=1543847862
287390,metro last light,Metro: Last Light Redux,https://steamcdn-a.akamaihd.net/steam/apps/287390/header.jpg?t=1543847909
17410,mirrors edge,Mirror's Edge,https://steamcdn-a.akamaihd.net/steam/apps/17410/header.jpg?t=1447351617
389570,mitosis the game,Mitos.is: The Game,https://steamcdn-a.akamaihd.net/steam/apps/389570/header.jpg?t=1478637386
307780,mortal kombat x,Mortal Kombat X,https://steamcdn-a.akamaihd.net/steam/apps/307780/header.jpg?t=1551909865
48700,mount  blade warband,Mount & Blade: Warband,https://steamcdn-a.akamaihd.net/steam/apps/48700/header.jpg?t=1542899168
4920,natural selection 2,Natural Selection 2,https://steamcdn-a.akamaihd.net/steam/apps/4920/header.jpg?t=1556039235
47870,need for speed hot pursuit,Need For Speed: Hot Pursuit,https://steamcdn-a.akamaihd.net/steam/apps/47870/header.jpg?t=1447353801
109600,neverwinter,Neverwinter,https://steamcdn-a.akamaihd.net/steam/apps/109600/header.jpg?t=1556096221
224260,no more room in hell,No More Room in Hell,https://steamcdn-a.akamaihd.net/steam/apps/224260/header.jpg?t=1536391985
102600,orcs must die,Orcs Must Die!,https://steamcdn-a.akamaihd.net/steam/apps/102600/header.jpg?t=1537484197
201790,orcs must die 2,Orcs Must Die! 2,https://steamcdn-a.akamaihd.net/steam/apps/201790/header.jpg?t=1537484731
387290,ori and the blind forest,Ori and the Blind Forest: Definitive Edition,https://steamcdn-a.akamaihd.net/steam/apps/387290/header.jpg?t=1542845738
104900,orion prelude,ORION: Prelude,https://steamcdn-a.akamaihd.net/steam/apps/104900/header.jpg?t=1548525119
238320,outlast,Outlast,https://steamcdn-a.akamaihd.net/steam/apps/238320/header.jpg?t=1447357854
239030,papers please,"Papers, Please",https://steamcdn-a.akamaihd.net/steam/apps/239030/header.jpg?t=1539873536
238960,path of exile,Path of Exile,https://steamcdn-a.akamaihd.net/steam/apps/238960/header.jpg?t=1552265500
218620,payday 2,PAYDAY 2,https://steamcdn-a.akamaihd.net/steam/apps/218620/header.jpg?t=1541531328
24240,payday the heist,PAYDAY The Heist,https://steamcdn-a.akamaihd.net/steam/apps/24240/header.jpg?t=1516099628
291650,pillars of eternity,Pillars of Eternity,https://steamcdn-a.akamaihd.net/steam/apps/291650/header.jpg?t=1552039638
246620,plague inc evolved,Plague Inc: Evolved,https://steamcdn-a.akamaihd.net/steam/apps/246620/header.jpg?t=1552342752
218230,planetside 2,PlanetSide 2,https://steamcdn-a.akamaihd.net/steam/apps/218230/header.jpg?t=1556226126
3590,plants vs zombies game of the year,Plants vs. Zombies GOTY Edition,https://steamcdn-a.akamaihd.net/steam/apps/3590/header.jpg?t=1447351772
400,portal,Portal,https://steamcdn-a.akamaihd.net/steam/apps/400/header.jpg?t=1512752294
620,portal 2,Portal 2,https://steamcdn-a.akamaihd.net/steam/apps/620/header.jpg?t=1512411524
223470,postal 2,POSTAL 2,https://steamcdn-a.akamaihd.net/steam/apps/223470/header.jpg?t=1531957471
233450,prison architect,Prison Architect,https://steamcdn-a.akamaihd.net/steam/apps/233450/header.jpg?t=1549032392
234630,project cars,Project CARS,https://steamcdn-a.akamaihd.net/steam/apps/234630/header.jpg?t=1470909633
108600,project zomboid,Project Zomboid,https://steamcdn-a.akamaihd.net/steam/apps/108600/header.jpg?t=1533308345
115320,prototype 2,Prototype 2,https://steamcdn-a.akamaihd.net/steam/apps/115320/header.jpg?t=1466106968
3830,psychonauts,Psychonauts,https://steamcdn-a.akamaihd.net/steam/apps/3830/header.jpg?t=1489611408
9200,rage,RAGE,https://steamcdn-a.akamaihd.net/steam/apps/9200/header.jpg?t=1447353435
200210,realm of the mad god,Realm of the Mad God,https://steamcdn-a.akamaihd.net/steam/apps/200210/header.jpg?t=1533204381
55110,red faction armageddon,Red Faction: Armageddon,https://steamcdn-a.akamaihd.net/steam/apps/55110/header.jpg?t=1533041444
344760,reign of kings,Reign Of Kings,https://steamcdn-a.akamaihd.net/steam/apps/344760/header.jpg?t=1478208824
21690,resident evil 5  biohazard 5,Resident Evil 5/ Biohazard 5,https://steamcdn-a.akamaihd.net/steam/apps/21690/header.jpg?t=1554398989
221040,resident evil 6  biohazard 6,Resident Evil 6 / Biohazard 6,https://steamcdn-a.akamaihd.net/steam/apps/221040/header.jpg?t=1554399171
222730,reus,Reus,https://steamcdn-a.akamaihd.net/steam/apps/222730/header.jpg?t=1548941662
39120,rift,RIFT,https://steamcdn-a.akamaihd.net/steam/apps/39120/header.jpg?t=1554231172
248820,risk of rain,Risk of Rain,https://steamcdn-a.akamaihd.net/steam/apps/248820/header.jpg?t=1541784790
301520,robocraft,Robocraft,https://steamcdn-a.akamaihd.net/steam/apps/301520/header.jpg?t=1553776646
252950,rocket league,Rocket League,https://steamcdn-a.akamaihd.net/steam/apps/252950/header_alt_assets_6.jpg?t=1556125255
241600,rogue legacy,Rogue Legacy,https://steamcdn-a.akamaihd.net/steam/apps/241600/header.jpg?t=1532571897
4760,rome total war,Rome: Total War - Collection,https://steamcdn-a.akamaihd.net/steam/apps/4760/header.jpg?t=1545331556
252490,rust,Rust,https://steamcdn-a.akamaihd.net/steam/apps/252490/header.jpg?t=1549762598
9480,saints row 2,Saints Row 2,https://steamcdn-a.akamaihd.net/steam/apps/9480/header.jpg?t=1533712729
206420,saints row iv,Saints Row IV,https://steamcdn-a.akamaihd.net/steam/apps/206420/header.jpg?t=1533713017
55230,saints row the third,Saints Row: The Third,https://steamcdn-a.akamaihd.net/steam/apps/55230/header.jpg?t=1490283037
383080,sakura clicker,Sakura Clicker,https://steamcdn-a.akamaihd.net/steam/apps/383080/header.jpg?t=1485965178
210770,sanctum 2,Sanctum 2,https://steamcdn-a.akamaihd.net/steam/apps/210770/header.jpg?t=1501885527
218680,scribblenauts unlimited,Scribblenauts Unlimited,https://steamcdn-a.akamaihd.net/steam/apps/218680/header.jpg?t=1454964134
41070,serious sam 3 bfe,Serious Sam 3: BFE,https://steamcdn-a.akamaihd.net/steam/apps/41070/header.jpg?t=1555500494
204340,serious sam hd the second encounter,Serious Sam 2,https://steamcdn-a.akamaihd.net/steam/apps/204340/header.jpg?t=1550750315
233130,shadow warrior,Shadow Warrior,https://steamcdn-a.akamaihd.net/steam/apps/233130/header.jpg?t=1503508044
234650,shadowrun returns,Shadowrun Returns,https://steamcdn-a.akamaihd.net/steam/apps/234650/header.jpg?t=1536145993
65980,sid meiers civilization beyond earth,Sid Meier's Civilization: Beyond Earth,https://steamcdn-a.akamaihd.net/steam/apps/65980/header.jpg?t=1545237799
3900,sid meiers civilization iv beyond the sword,Sid Meier's Civilization IV,https://steamcdn-a.akamaihd.net/steam/apps/3900/header.jpg?t=1545236003
8930,sid meiers civilization v,Sid Meier's Civilization V,https://steamcdn-a.akamaihd.net/steam/apps/8930/header.jpg?t=1545236612
24780,simcity 4 deluxe,SimCity 4 Deluxe Edition,https://steamcdn-a.akamaihd.net/steam/apps/24780/header.jpg?t=1551379837
204880,sins of a solar empire rebellion,Sins of a Solar Empire: Rebellion,https://steamcdn-a.akamaihd.net/steam/apps/204880/header.jpg?t=1545069627
245170,skullgirls,Skullgirls,https://steamcdn-a.akamaihd.net/steam/apps/245170/header.jpg?t=1516345108
307690,sleeping dogs,Sleeping Dogs: Definitive Edition,https://steamcdn-a.akamaihd.net/steam/apps/307690/header.jpg?t=1479335030
386360,smite,SMITE,https://steamcdn-a.akamaihd.net/steam/apps/386360/header.jpg?t=1554841858
238090,sniper elite 3,Sniper Elite 3,https://steamcdn-a.akamaihd.net/steam/apps/238090/header.jpg?t=1553091240
34830,sniper ghost warrior,Sniper: Ghost Warrior,https://steamcdn-a.akamaihd.net/steam/apps/34830/header.jpg?t=1551951971
34870,sniper ghost warrior 2,Sniper: Ghost Warrior 2,https://steamcdn-a.akamaihd.net/steam/apps/34870/header.jpg?t=1551952025
1840,source filmmaker,Source Filmmaker,https://steamcdn-a.akamaihd.net/steam/apps/1840/header.jpg?t=1447356104
213670,south park the stick of truth,South Park: The Stick of Truth,https://steamcdn-a.akamaihd.net/steam/apps/213670/header.jpg?t=1515609037
244850,space engineers,Space Engineers,https://steamcdn-a.akamaihd.net/steam/apps/244850/header.jpg?t=1555574351
107200,space pirates and zombies,Space Pirates and Zombies,https://steamcdn-a.akamaihd.net/steam/apps/107200/header.jpg?t=1552001940
50300,spec ops the line,Spec Ops: The Line,https://steamcdn-a.akamaihd.net/steam/apps/50300/header.jpg?t=1532333777
207140,speedrunners,SpeedRunners,https://steamcdn-a.akamaihd.net/steam/apps/207140/header.jpg?t=1546857432
99900,spiral knights,Spiral Knights,https://steamcdn-a.akamaihd.net/steam/apps/99900/header.jpg?t=1520626238
17390,spore,SPORE,https://steamcdn-a.akamaihd.net/steam/apps/17390/header.jpg?t=1490108896
4500,stalker shadow of chernobyl,S.T.A.L.K.E.R.: Shadow of Chernobyl,https://steamcdn-a.akamaihd.net/steam/apps/4500/header.jpg?t=1547058511
212070,star conflict,Star Conflict,https://steamcdn-a.akamaihd.net/steam/apps/212070/header.jpg?t=1554960199
9900,star trek online,Star Trek Online,https://steamcdn-a.akamaihd.net/steam/apps/9900/header.jpg?t=1548262786
6000,star wars republic commando,STAR WARS Republic Commando,https://steamcdn-a.akamaihd.net/steam/apps/6000/header.jpg?t=1542753029
211820,starbound,Starbound,https://steamcdn-a.akamaihd.net/steam/apps/211820/header.jpg?t=1550079778
329430,state of decay,State of Decay: YOSE,https://steamcdn-a.akamaihd.net/steam/apps/329430/header.jpg?t=1484696368
313120,stranded deep,Stranded Deep,https://steamcdn-a.akamaihd.net/steam/apps/313120/header.jpg?t=1531797396
47410,stronghold kingdoms,Stronghold Kingdoms,https://steamcdn-a.akamaihd.net/steam/apps/47410/header.jpg?t=1553601915
40100,supreme commander 2,Supreme Commander 2,https://steamcdn-a.akamaihd.net/steam/apps/40100/header.jpg?t=1547342951
9420,supreme commander forged alliance,Supreme Commander: Forged Alliance,https://steamcdn-a.akamaihd.net/steam/apps/9420/header.jpg?t=1548149872
233720,surgeon simulator,Surgeon Simulator,https://steamcdn-a.akamaihd.net/steam/apps/233720/header.jpg?t=1526556372
440,team fortress 2,Team Fortress 2,https://steamcdn-a.akamaihd.net/steam/apps/440/header.jpg?t=1539304875
105600,terraria,Terraria,https://steamcdn-a.akamaihd.net/steam/apps/105600/header.jpg?t=1548954652
237990,the banner saga,The Banner Saga,https://steamcdn-a.akamaihd.net/steam/apps/237990/header.jpg?t=1531937244
113200,the binding of isaac,The Binding of Isaac,https://steamcdn-a.akamaihd.net/steam/apps/113200/header.jpg?t=1447354527
250900,the binding of isaac rebirth,The Binding of Isaac: Rebirth,https://steamcdn-a.akamaihd.net/steam/apps/250900/header.jpg?t=1542143733
67370,the darkness ii,The Darkness II,https://steamcdn-a.akamaihd.net/steam/apps/67370/header.jpg?t=1526508309
22320,the elder scrolls iii morrowind,The Elder Scrolls III: Morrowind Game of the Year Edition,https://steamcdn-a.akamaihd.net/steam/apps/22320/header.jpg?t=1498138106
72850,the elder scrolls v skyrim,The Elder Scrolls V: Skyrim,https://steamcdn-a.akamaihd.net/steam/apps/72850/header.jpg?t=1493767797
298630,the escapists,The Escapists,https://steamcdn-a.akamaihd.net/steam/apps/298630/header.jpg?t=1549977515
312990,the expendabros,The Expendabros,https://steamcdn-a.akamaihd.net/steam/apps/312990/header.jpg?t=1447362607
242760,the forest,The Forest,https://steamcdn-a.akamaihd.net/steam/apps/242760/header.jpg?t=1527008565
215530,the incredible adventures of van helsing,The Incredible Adventures of Van Helsing,https://steamcdn-a.akamaihd.net/steam/apps/215530/header.jpg?t=1507543615
305620,the long dark,The Long Dark,https://steamcdn-a.akamaihd.net/steam/apps/305620/header.jpg?t=1552698238
383790,the ship,The Ship: Remasted,https://steamcdn-a.akamaihd.net/steam/apps/383790/header.jpg?t=1521044597
47890,the simstm 3,The Sims 3,https://steamcdn-a.akamaihd.net/steam/apps/47890/header.jpg?t=1523572246
221910,the stanley parable,The Stanley Parable,https://steamcdn-a.akamaihd.net/steam/apps/221910/header.jpg?t=1465254276
20920,the witcher 2 assassins of kings enhanced edition,The Witcher 2: Assassins of Kings Enhanced Edition,https://steamcdn-a.akamaihd.net/steam/apps/20920/header.jpg?t=1550077745
292030,the witcher 3 wild hunt,The Witcher 3: Wild Hunt,https://steamcdn-a.akamaihd.net/steam/apps/292030/header.jpg?t=1550078557
20900,the witcher enhanced edition,The Witcher: Enhanced Edition Director's Cut,https://steamcdn-a.akamaihd.net/steam/apps/20900/header.jpg?t=1549979350
250320,the wolf among us,The Wolf Among Us,https://steamcdn-a.akamaihd.net/steam/apps/250320/header.jpg?t=1526349330
239160,thief,Thief,https://steamcdn-a.akamaihd.net/steam/apps/239160/header.jpg?t=1556020439
282070,this war of mine,This War of Mine,https://steamcdn-a.akamaihd.net/steam/apps/282070/header.jpg?t=1555064576
235600,tom clancys splinter cell blacklist,Tom Clancys Splinter Cell Blacklist,https://steamcdn-a.akamaihd.net/steam/apps/235600/header.jpg?t=1452184790
203160,tomb raider,Tomb Raider,https://steamcdn-a.akamaihd.net/steam/apps/203160/header.jpg?t=1556055956
41500,torchlight,Torchlight,https://steamcdn-a.akamaihd.net/steam/apps/41500/header.jpg?t=1501607845
200710,torchlight ii,Torchlight II,https://steamcdn-a.akamaihd.net/steam/apps/200710/header.jpg?t=1501607860
248570,toribash,Toribash,https://steamcdn-a.akamaihd.net/steam/apps/248570/header.jpg?t=1549029638
325610,total war attila,Total War: ATTILA,https://steamcdn-a.akamaihd.net/steam/apps/325610/header.jpg?t=1545151198
214950,total war rome ii  emperor edition,Total War: ROME II - Emperor Edition,https://steamcdn-a.akamaihd.net/steam/apps/214950/header.jpg?t=1554219367
345240,total war shogun 2,SHOGUN: Total War - Collection,https://steamcdn-a.akamaihd.net/steam/apps/345240/header.jpg?t=1545219752
335240,transformice,Transformice,https://steamcdn-a.akamaihd.net/steam/apps/335240/header.jpg?t=1551108534
237930,transistor,Transistor,https://steamcdn-a.akamaihd.net/steam/apps/237930/header.jpg?t=1553808183
220160,trials evolution gold edition,Trials Evolution: Gold Edition,https://steamcdn-a.akamaihd.net/steam/apps/220160/header.jpg?t=1447356573
57690,tropico 4,Tropico 4,https://steamcdn-a.akamaihd.net/steam/apps/57690/header.jpg?t=1535973552
245620,tropico 5,Tropico 5,https://steamcdn-a.akamaihd.net/steam/apps/245620/header.jpg?t=1535466796
304050,trove,Trove,https://steamcdn-a.akamaihd.net/steam/apps/304050/header.jpg?t=1545363368
45760,ultra street fighter iv,Ultra Street Fighter IV,https://steamcdn-a.akamaihd.net/steam/apps/45760/header.jpg?t=1550108726
391540,undertale,Undertale,https://steamcdn-a.akamaihd.net/steam/apps/391540/header.jpg?t=1503525486
304930,unturned,Unturned,https://steamcdn-a.akamaihd.net/steam/apps/304930/header.jpg?t=1540101174
294860,valkyria chronicles,Valkyria Chronicles,https://steamcdn-a.akamaihd.net/steam/apps/294860/header.jpg?t=1522073004
2600,vampire the masquerade  bloodlines,Vampire: The Masquerade - Bloodlines,https://steamcdn-a.akamaihd.net/steam/apps/2600/header.jpg?t=1447350961
215080,wakfu,WAKFU,https://steamcdn-a.akamaihd.net/steam/apps/215080/header.jpg?t=1543846343
236390,war thunder,War Thunder,https://steamcdn-a.akamaihd.net/steam/apps/236390/header.jpg?t=1552405945
291480,warface,Warface,https://steamcdn-a.akamaihd.net/steam/apps/291480/header.jpg?t=1556193432
230410,warframe,Warframe,https://steamcdn-a.akamaihd.net/steam/apps/230410/header.jpg?t=1553809925
58610,wargame european escalation,Wargame: European Escalation,https://steamcdn-a.akamaihd.net/steam/apps/58610/header.jpg?t=1552282725
251060,wargame red dragon,Wargame: Red Dragon,https://steamcdn-a.akamaihd.net/steam/apps/251060/header.jpg?t=1505207424
9450,warhammer 40000 dawn of war  soulstorm,"Warhammer 40,000: Dawn of War - Soulstorm",https://steamcdn-a.akamaihd.net/steam/apps/9450/header.jpg?t=1522072453
15620,warhammer 40000 dawn of war ii,"Warhammer 40,000: Dawn of War II",https://steamcdn-a.akamaihd.net/steam/apps/15620/header.jpg?t=1528131592
20570,warhammer 40000 dawn of war ii  chaos rising,"Warhammer 40,000: Dawn of War II Chaos Rising",https://steamcdn-a.akamaihd.net/steam/apps/20570/header.jpg?t=1521739244
55150,warhammer 40000 space marine,"Warhammer 40,000: Space Marine",https://steamcdn-a.akamaihd.net/steam/apps/55150/header.jpg?t=1528131586
243470,watchdogs,Watch_Dogs,https://steamcdn-a.akamaihd.net/steam/apps/243470/header.jpg?t=1537808700
201810,wolfenstein the new order,Wolfenstein: The New Order,https://steamcdn-a.akamaihd.net/steam/apps/201810/header.jpg?t=1532650618
22600,worms reloaded,Worms Reloaded,https://steamcdn-a.akamaihd.net/steam/apps/22600/header.jpg?t=1478121750
200170,worms revolution,Worms Revolution,https://steamcdn-a.akamaihd.net/steam/apps/200170/header.jpg?t=1448453014
200510,xcom enemy unknown,XCOM: Enemy Unknown,https://steamcdn-a.akamaihd.net/steam/apps/200510/header.jpg?t=1537469648
17500,zombie panic source,Zombie Panic! Source,https://steamcdn-a.akamaihd.net/steam/apps/17500/header.jpg?t=1548104679
